province,year,Total agricultural machinery power (10^4 kW) (China Rural Statistical Yearbook),Total agricultural output value (10^8 yuan) (China Rural Statistical Yearbook),Agricultural mechanization service organizations at year-end (units) (China Agricultural Machinery Industry Yearbook),Agricultural machinery households at year-end (units) (China Agricultural Machinery Industry Yearbook),Cultivated land area per agricultural laborer (10^3 ha/10^4 persons),Machine-ploughing rate (%),Machine-sowing rate (%),Machine-harvesting rate (%),Mechanized irrigation rate (%),Mechanized plant-protection rate (%),Agricultural machinery power per sown area (10^4 kW/10^3 ha),Agricultural output value per agricultural laborer (10^8 yuan/10^4 persons),Agricultural output value per unit cultivated area (10^8 yuan/10^3 ha),Operation income of agricultural machinery per 10^4 kW (10^8 yuan/10^4 kW),Agricultural carbon emissions,M_entropy,M_equal
Shanghai,2022,0.01,0.01,0.01,0.01,0.8432415109784732,1.01,0.5506070385156236,0.4584758017711094,0.01,1.01,0.01,0.7304707131969107,0.5486412198410744,0.4517536853242632,1.01,0.4653792410646711,0.4448793313084969
Shanghai,2021,0.01,0.01,0.01,0.01,0.6323495106681731,1.01,0.5384675046565172,0.4702799166236093,0.01,1.01,0.01,0.5521530139366051,0.5288032436512881,0.4621811384456786,1.01,0.4340528172013278,0.4182822885321247
Shanghai,2020,0.01,0.01,0.01,0.01,0.5694569954454405,0.9758326948227236,0.5550826489439776,0.4729185007036015,0.01,1.01,0.0127757574783904,0.5280836950307944,0.5292373395288879,0.4337748746229482,1.01,0.4265901674281355,0.4098108337717843
Shanghai,2019,0.01,0.01,0.01,0.01,0.4630849918237443,1.01,0.6477689937049519,0.4928512690763786,0.01,1.01,0.01,0.5911158455599402,0.4738738065833688,0.3573872216780324,1.01,0.4261902568472947,0.4077388085617611
Shanghai,2018,0.01,0.01,0.01,0.01,0.6008280838358953,1.01,0.4538525940282513,0.3888319170574024,1.01,1.01,0.01,0.7558768487357893,0.4798252005995084,0.3293552857208265,1.01,0.4849215737805187,0.4732379953318448
Shanghai,2017,0.01,0.01,0.01,0.01,0.6077277426502166,1.01,0.4193876939053661,0.4946502797147062,1.01,1.01,0.073687531463544,0.7500811985507689,0.4951307348521402,0.4813391284562096,1.01,0.5041585057507663,0.4934669539728634
Shanghai,2016,0.01,0.01,0.01,0.01,0.6156345346704013,1.01,0.3922806617996025,0.5793891758281648,1.01,1.01,0.0623451754824353,0.7186123737911726,0.4500343507055213,0.4957023090623805,1.01,0.5013450245103194,0.4929332387559785
Shanghai,2015,0.01,0.01,0.01,0.01,0.7964607285439738,1.01,0.3129856561876141,0.6503466869003692,1.01,1.01,0.01,0.8000082645402791,0.5256442333692694,0.4376846296224536,1.01,0.5163600575753675,0.5075420132775972
Shanghai,2014,0.01,0.01,0.01,0.01,0.8902766098338516,1.01,0.3082740240595872,0.5991746734464684,0.7726760196839971,1.01,0.01,1.01,0.5854796253463527,0.3628819418819071,1.01,0.5224970765352381,0.5072508596168109
Shanghai,2013,0.01,0.01,0.01,0.01,0.7824412961157502,1.01,0.2487178613370758,0.6136089523308991,0.9917230711143954,1.01,0.01,0.9745790819295194,0.7008747583473482,1.01,1.01,0.5648277655734965,0.5601296680783325
Jiangsu,2022,0.750885808978608,0.8532753991516064,0.7309719409892971,0.3469107302600671,0.7499432752936661,0.9108952450465426,1.01,0.9408705279332132,1.01,0.8829907881363065,0.6633158677010357,0.7957387140327754,1.01,0.5551596839324433,0.01,0.7446219314078909,0.7480638654303707
Jiangsu,2021,0.7496358625542394,0.8758334242338861,0.7371922054915855,0.3418527736979858,0.8147016521774595,0.9118330482745745,1.01,0.9409951659254456,1.01,0.8341139563395207,0.6129034688219808,0.7822817360366302,1.01,0.5591156258326092,0.01,0.7416956405902743,0.7466972612923944
Jiangsu,2020,0.7732364798279929,0.8785992140535605,0.7742502365184485,0.3389219564587684,0.8121847435489401,1.01,1.01,0.8680081942508119,1.01,0.8030051756345237,0.6053367107644153,0.7105186953127767,1.01,0.5279511207610355,0.01,0.734273519273445,0.7428008351420847
Jiangsu,2019,0.77520412056467,0.8767043206453001,0.7479113698467388,0.3425343656996059,0.9322936389010076,0.657902153676586,0.9232138359760232,0.7922046026301504,1.01,0.716757146602529,0.5485114185217661,0.8091974707439278,1.01,0.4342457144542974,0.01,0.7063699336493368,0.7057786772175068
Jiangsu,2018,0.7733880120313807,0.905419103286962,0.7266851344258471,0.3503887157266073,1.01,0.7159088987464489,0.9379995504940358,0.8069623078670616,0.7495631063107823,0.7416978831798924,0.4997546487411005,0.9618366750332032,1.01,0.3382358244462868,0.01,0.7045916943565219,0.7025226573526405
Jiangsu,2017,0.7965484324271939,0.9479179952808108,0.6681196581196581,0.3594393256218332,1.01,0.6265200485379622,0.9824430026169564,0.875931611201275,0.7278029868911822,0.7817501249234234,0.4264554949307803,1.01,1.01,0.4423060259330372,0.01,0.7123291151272061,0.7116823137656074
Jiangsu,2016,0.7192895688786101,1.01,0.6051299589603283,0.3620044913852401,1.01,0.6655439401554821,1.01,0.9098859446107112,0.7793418100438817,0.8069268638875217,0.3890687368155488,1.01,1.01,0.4449403557617823,0.01,0.7142241263326399,0.7161421113666069
Jiangsu,2015,0.7383348808418446,1.01,0.5805497455399586,0.367619499647855,1.01,0.7360829462914357,1.01,1.0058189804840327,0.8617940681002216,0.7934468487969522,0.3469114987226234,1.01,1.01,0.2789932081425099,0.0231527621521437,0.7146705545375973,0.7188469625813051
Jiangsu,2014,0.7353841229193342,1.01,0.556045197740113,0.3580210292484265,1.01,0.7027557143189914,1.01,0.980886798154855,0.9980241171501834,0.7589838443159279,0.3853454302022285,0.9902228897390396,1.01,0.2268218295526788,0.0111008568646589,0.7135664822724234,0.7162394553470957
Jiangsu,2013,0.7221833054039256,1.01,0.4689114194236926,0.380041394374826,1.01,0.7195312937686889,1.01,0.9972471347513114,1.01,0.822212111595761,0.3673280176977448,1.01,0.5880040918996655,0.3384621220207184,0.01,0.686463018542981,0.6975947260624223
Zhejiang,2022,0.2492286833383549,0.3112361789642527,0.1923546427538328,0.1618818017415032,0.5059465689295033,0.4824912837317042,0.3683315533900758,0.4477291884663988,0.6486678920256818,0.604759003583178,1.01,1.01,0.01,0.01,0.4729673819671541,0.4634406057117409,0.4323729452594426
Zhejiang,2021,0.2549571947930104,0.3240800081179225,0.1875022143489814,0.1675565845351591,0.5257607808220024,0.5065734341634924,0.341945881726803,0.4465899930352281,0.6750915977173158,0.4812353575102878,1.01,1.01,0.01,0.01,0.471933429723078,0.4573418805223894,0.4282150984328854
Zhejiang,2020,0.2654872039896079,0.3290253872642114,0.1809437086092715,0.1794827216697578,0.6042485407132924,0.4389761972053748,0.2941305746970347,0.4080882155734751,0.7136831662888888,0.4252034103068497,1.01,1.01,0.01,0.01,0.477946751992848,0.453488310606323,0.4238143918873741
Zhejiang,2019,0.2862304463945059,0.3510524169832678,0.1893394321016989,0.192743534787683,0.4740640976355114,0.4319048365430112,0.2715243766840041,0.3927629282058222,0.817195568343484,0.4272517219353505,1.01,1.01,0.01,0.01,0.475525706515098,0.4497687147112842,0.4233063377419624
Zhejiang,2018,0.3069549443393593,0.351667491258677,0.1960383740596022,0.205912333295065,0.3484827698301183,0.4664901383383901,0.2538802118831957,0.4117685733149682,0.5945197713975738,0.4365901378988743,1.01,1.01,0.01,0.01,0.455156656421969,0.4287135909920875,0.4044974268025195
Zhejiang,2017,0.3250490219831695,0.3594478746137942,0.1918390408994436,0.2142758027882431,0.2422337560335359,0.5165303292661654,0.2384559949217117,0.5113652601053769,0.6361492803980913,0.4631268887648102,1.01,0.8701340722152365,0.01,0.01,0.455847313409744,0.4221539431920942,0.4036303090266214
Zhejiang,2016,0.3086419972721342,0.3949303027628476,0.182640218878249,0.2193759172043836,0.1712962919356778,0.569881650435138,0.2114811099366661,0.5672514334957061,0.74438667317206,0.4650266637427864,1.01,0.8168016536207896,0.01,0.01,0.458431436085823,0.4229366183912322,0.4093430232361507
Zhejiang,2015,0.3569049829774063,0.3674899492876339,0.1935467814999161,0.2333236365863367,0.0962024657520278,0.6377469047548628,0.1928200262865024,0.6340580364989303,0.9973401595837936,0.4910900961256017,1.01,0.667488944098572,0.01,0.01,0.461737296660895,0.4307397659064678,0.4239832853408319
Zhejiang,2014,0.3784859154929577,0.3909538796050654,0.2643502824858757,0.2300222139948167,0.1280477549832735,0.507392674476679,0.1669898219445896,0.5563704940721804,1.01,0.4232507058793041,1.01,0.6452700997632523,0.0879873599147232,0.01,0.462934456930277,0.428560536436643,0.4181370439695329
Zhejiang,2013,0.3997396757976473,0.3987497913536972,0.2814149300679661,0.2386094797348606,0.0937145994547178,0.5299575702755989,0.1613516417818295,0.5748508683560363,1.006870205211647,0.4313913963772434,1.01,0.6448086633874383,1.01,0.1911918081561833,0.459601068789189,0.5132746000544578,0.4954834465829369
Anhui,2022,1.01,0.5282080252547208,0.6197194098929708,1.01,0.6633693538610194,0.7605139456360844,0.9601574808993888,1.01,0.7542079517248953,0.680067411110968,0.8488399809587083,0.1411090019013047,0.0204995882417443,0.2518657657343516,0.0135320336308201,0.5948807924181466,0.6181393299231317
Anhui,2021,1.01,0.5475561221058304,0.6088780631827576,1.01,0.7447991696284242,0.7664371727333674,0.9632466943192584,1.01,0.7318456319234513,0.6413763980303782,0.8041319547015356,0.140780577056675,0.0123614678416121,0.2700500436595691,0.0236463886742035,0.5944099251820708,0.6190073122571376
Anhui,2020,1.01,0.5331052245405299,0.5988126773888364,1.01,0.7734799066966954,0.7569651200291785,0.983774173852601,1.01,0.7713458086100938,0.6157762730265315,0.7527515462485846,0.1481052000207499,0.0357543156716204,0.2964799996098901,0.0291467431831334,0.596944312899997,0.621699799258563
Anhui,2019,1.01,0.5323571354564468,0.5853831531424498,1.01,0.1860413362111062,0.7688308223247653,1.01,1.01,0.8599033999468243,0.5991846309812777,0.6700935596167152,0.01,0.0570306283256344,0.2765462765916279,0.0222438443650426,0.5405236053441648,0.5738409857974595
Anhui,2018,1.01,0.5354270958335695,0.5655490756400536,1.01,0.2288047216493899,0.7667235843507041,1.01,1.01,0.5818747692699666,0.5862366989461393,0.6152650460516926,0.01,0.0529176596746215,0.2543100770613058,0.0102856987847869,0.516604694726001,0.5498262951508153
Anhui,2017,1.01,0.553055630596253,0.502801009579533,1.01,0.2774763624476173,0.8031348725560528,1.01,1.01,0.5992474899377035,0.5646001751288607,0.5215949344572159,0.0650283177602874,0.0246453870078476,0.3521568921232507,0.0166531210070253,0.5163345526158236,0.5546929461734431
Anhui,2016,1.01,0.5948405886252751,0.4585362517099863,1.01,0.3129586391243619,0.8189127294673895,0.981502287689028,1.01,0.6724354426404202,0.5925242766557594,0.5786185868603012,0.0894778508570224,0.0120361761013064,0.3833650148791372,0.011899270127656,0.5291903124977325,0.5691404743158429
Anhui,2015,1.01,0.575321212673105,0.4292159275208321,1.01,0.4082033659869201,0.7293761656631325,0.8840627565592988,1.01,0.7086766936983558,0.5165623949017677,0.4153288315267606,0.0935256373350871,0.0234375911769791,0.2587903135878232,0.01,0.4966682685998347,0.5388333927086708
Anhui,2014,1.01,0.6205596044428423,0.4415819209039548,1.01,0.3099817281817162,0.7698245175634664,0.9247482799837928,1.01,0.8955461899673047,0.5147644869815141,0.5297614550826801,0.1199838159677833,0.01,0.1973219021859767,0.01,0.5173433353717798,0.5582715934174021
Anhui,2013,1.01,0.6212502086463028,0.4184704825029489,1.01,0.2946672730032405,0.7751698230614553,0.8634064212088499,1.01,0.8951405193753083,0.5091103147522396,0.5150791927930009,0.1700031945293906,0.1090625644263327,0.01,0.0163233316119584,0.5092952005133874,0.548512221727402
Jiangxi,2022,0.4028320348928966,0.3385435550650212,0.7144258027191206,0.339831448742784,1.01,0.6877621222302408,0.5310803975362361,0.8059987067225391,0.4528781745054066,0.2585711186735476,0.2562655055449092,0.3215347461018862,0.3464159240847692,0.4232453513537015,0.5981368775577555,0.5019459153394443,0.4991681177153875
Jiangxi,2021,0.390072123841914,0.3439804982176303,0.7115648066135223,0.3308800017938627,1.01,0.6729222686357639,0.4225496597789986,0.8399709924925137,0.4170275106532673,0.2200992563762858,0.1859941088226301,0.2602814516984437,0.3267941026808951,0.4295480541438333,0.608510276976599,0.4758063860844591,0.4780130075150773
Jiangxi,2020,0.381621823394153,0.3500381291687852,0.7008112582781457,0.3280743235940261,1.01,0.6425904264957373,0.4064483361433337,0.807774409522267,0.4349246833094338,0.213152842578147,0.1303707112176708,0.264303575471296,0.3102197522627297,0.4012908901633691,0.6303843147227111,0.4646157212895007,0.467467031754787
Jiangxi,2019,0.3721060663868752,0.3579478333731391,0.6904681002732566,0.3234098052141828,1.01,0.641019693600274,0.3912027017448855,0.7895998956994161,0.5006890125197659,0.1999138377993624,0.1353074951747935,0.3370767571777252,0.2891590720813387,0.3331107361464959,0.6090093223977711,0.463071166815126,0.4653346886392855
Jiangxi,2018,0.3647396818506,0.3594604811678017,0.6654499329328746,0.3198530804843414,0.9917107438529592,0.6411410888406439,0.3807684335966382,0.8075817940712838,0.294655751752008,0.1968420434683231,0.1503136349117052,0.3447505284396006,0.2540589672071098,0.28248675991887,0.5833354586087081,0.4410663920231757,0.4424765587402312
Jiangxi,2017,0.3633782365007834,0.3580999511636016,0.6433964320541502,0.3104186695799584,0.9009136175135164,0.6127073469284705,0.3594020698291775,0.8535471511994248,0.2692335317734641,0.1278706204697898,0.0465814576850891,0.3189959263613021,0.2421683199136762,0.3976688053888992,0.559228469175347,0.4172485644672692,0.4242407070357767
Jiangxi,2016,0.3182636541540651,0.3740952214154863,0.6039808481532147,0.3068402261948304,0.8254860648576116,0.5528064146006388,0.318216457332006,0.8301688507094591,0.284287701858637,0.1251052851892397,0.042983152453073,0.2939548174901972,0.2285032318360721,0.4287801141535364,0.552406532996182,0.3977457315478859,0.4057252382262833
Jiangxi,2015,0.3414453729495512,0.3372099001230995,0.6089597897209329,0.3055491931285788,0.7497450543664422,0.6616312388273998,0.2783739987809459,0.9626409858584796,0.3508219774615949,0.1108673189110346,0.0779273804337778,0.2270783368296018,0.2539889774996539,0.2930919064413907,0.5595377080249611,0.3974586386858639,0.4079246092904964
Jiangxi,2014,0.3301984635083227,0.3152015136171854,0.6054237288135593,0.288607034431692,0.6567013654073269,0.6029907153737173,0.1875597495245633,0.8063927544388385,0.4138726128090322,0.1059417509263559,0.0785260467720841,0.1745796723223469,0.3441839756303424,0.2906699048488079,0.563546925745138,0.3739151157323186,0.3842930809446208
Jiangxi,2013,0.3253921454762655,0.310617593056251,0.602203561197551,0.2816202260612689,0.5938713422142415,0.5917532580144464,0.1200572079690709,0.7826687097731266,0.4002190662150786,0.1069259023801128,0.0919682375280965,0.2074356583708986,0.0309020641910712,0.1825917306460276,0.564181379718107,0.3325375053823258,0.3461605388541076
Hubei,2022,0.6955765505961349,0.7617055425455872,0.359667341625687,0.5643865802565274,0.3679814367185565,0.6163174515873829,0.5550567437560849,0.6506634083163918,0.6597389589619396,0.6434400754769729,0.4568945020287676,0.280240033874259,0.255647793441482,0.1706985947332599,0.1340511662178788,0.4506423965178235,0.4781377453424608
Hubei,2021,0.6885504866893397,0.771962545417275,0.3427428402716268,0.5472105060561554,0.44840461401698,0.616077081216753,0.5833773719793592,0.7021854105008418,0.6762373882148438,0.6388505456019854,0.4062585550252042,0.2985414585542766,0.1996573717612071,0.1336148802826199,0.139007901610098,0.4519518453120147,0.4795119304799043
Hubei,2020,0.6854860094962225,0.7450073155810728,0.4689640491958373,0.542386022188747,0.4856608258878513,0.5870323740230867,0.5838606257929982,0.6601511031601179,0.7117800365365539,0.6501677860631284,0.3718600887685052,0.2981894100695775,0.2361468513545721,0.1520717144751568,0.149676511349635,0.463563806093663,0.4885627149295374
Hubei,2019,0.6842006867607783,0.7423966680772485,0.4805358203635499,0.5676897056433949,0.2794516326914062,0.6023012415201398,0.5811405598734684,0.6648878001417223,0.8151401502474617,0.6444691007294907,0.3601787225462988,0.258688745585183,0.2113927317644381,0.1124018164380441,0.143115664852415,0.4477536966191143,0.476532736482336
Hubei,2018,0.6814316722999163,0.7302767380091056,0.4624989794133085,0.5394704672189169,0.3143509364333017,0.606203993823596,0.5777746843469671,0.6659732260906951,0.5403735050023618,0.6381082859576397,0.3372910282574777,0.2683514116940416,0.1501926424038087,0.0706249509350699,0.095420932371051,0.4171949345394616,0.4452228969504838
Hubei,2017,0.6905414223643619,0.7399756196055692,0.4395875638157517,0.530239734750726,0.3226148264212236,0.5796346809705124,0.5291222218275169,0.6890502206920509,0.5823500021349839,0.6497319417156792,0.2513461046063004,0.2856651525492018,0.12113301449243,0.081135732321769,0.0600396069413689,0.4042226387955964,0.4368111896806297
Hubei,2016,0.6127249006701062,0.787544107562554,0.4515321477428181,0.5606784490271425,0.3112661761515511,0.6188473801498481,0.5158026109096724,0.6899288547280837,0.6408435722338928,0.6458509947058867,0.235428268506218,0.2849057338038602,0.268026184416574,0.2445863829822152,0.0470630773524812,0.4254793708123845,0.4610019227295269
Hubei,2015,0.6830269266480966,0.7454849455352331,0.4454901851126894,0.5669326637474355,0.2756136461491636,0.6808429143920119,0.4855961253755876,0.7812451220371789,0.7383067383812694,0.6502439116161165,0.2678560426440627,0.247325856087003,0.2860463167743823,0.1903532968003453,0.0555181109951003,0.4352569796562119,0.4733255201530451
Hubei,2014,0.6782298335467348,0.821762129905078,0.4315254237288136,0.5386880414661237,0.2321469536643049,0.6278234676093201,0.4502567354572481,0.727682848567944,0.8196837747188702,0.6228805993445125,0.2813040885661629,0.2728535024197135,0.3162237768920174,0.1688399495489926,0.022826020653108,0.4285620136097244,0.4675151430725962
Hubei,2013,0.6683431501053575,0.8465214488399265,0.4142015390664494,0.4929090308841144,0.1954332828080544,0.585426642408548,0.3949236676214752,0.6717341944387344,0.7995114984349565,0.6183373503963964,0.2759237150835808,0.3161424913150974,0.379723438356875,0.2859302008630064,0.0226391742836353,0.4252886908967124,0.4645133883270805
Hunan,2022,0.9649347910300003,0.7208281492274674,1.01,0.6664826911566902,0.6200569095832381,0.5848770616432161,0.3600958343941643,0.6835434004970572,0.4936682783489845,0.3292097657654164,0.8387407390790296,0.3745876551765278,0.3997780136542386,0.7419464366537255,0.2390570207555327,0.5816260898948196,0.6018537831310193
Hunan,2021,0.9736595520112584,0.6951919248523366,1.01,0.6593776915727069,0.6384166589557215,0.5711079084590361,0.3507816746416829,0.7182843110070009,0.5068452131075631,0.3087287089441943,0.8161169676035932,0.292858326937418,0.3907477900140246,0.7490748632766795,0.235729208311554,0.5730688730507864,0.5944613866463179
Hunan,2020,0.9785698927942188,0.7170268613264325,1.01,0.6573430757286878,0.6583755663954935,0.5681235278874015,0.3601788515045141,0.6996888537256126,0.5401169858781683,0.300474712131705,0.7792823172072875,0.3229892880060799,0.3801486175953933,0.7180932566447957,0.234274730671902,0.5728677976863045,0.5949791024998461
Hunan,2019,0.9827279664250288,0.6939640216991418,1.01,0.6424777717298293,0.0549278895028641,0.6278378955164744,0.3445764462499868,0.7019442961460318,0.6245480706319565,0.2855373365026448,0.7382072349022203,0.095873977799197,0.2908068188214209,0.5386253419824829,0.230478472353238,0.4925147847280054,0.5241689026841679
Hunan,2018,0.9781850600018606,0.6379847984927353,0.9489397562255788,0.6369124677456686,0.0527538846922872,0.665497939367872,0.3379747263887755,0.6769689075807986,0.4202079733035221,0.2821006532688302,0.6671467646048368,0.0513733836235769,0.2630403839739442,0.457767069816982,0.2040805401468,0.4523524435134985,0.4853956206156046
Hunan,2017,1.00061556104731,0.6453880325148235,0.9139178569379912,0.6759929629103518,0.1133305603096714,0.6237872084486354,0.3195016820557722,0.7132451266921851,0.3970078602002967,0.2797642093598761,0.5642805167582484,0.0836629244567834,0.1953333742145348,0.6083692743663802,0.219861545047006,0.4517657760713212,0.4902705796879911
Hunan,2016,0.8958447488584474,0.8811477608974028,0.8051299589603284,0.6674394588663467,0.1227370112845067,0.617259080089822,0.2833635826436852,0.6883014139573573,0.4393892992660141,0.2466987296481206,0.5100568674693368,0.2064076760454173,0.183327472489173,0.6266195938743863,0.23214702405469,0.4491742961401412,0.4937246452270024
Hunan,2015,0.903701640359022,0.8193873857348095,0.7935691516134444,0.6693673638117402,0.1067182750479062,0.6478820057837335,0.2456674179463042,0.699465947586372,0.4961111908236004,0.2361124709992347,0.4385073830516702,0.179935075589431,0.1816228157694976,0.4609627340749067,0.25272363115791,0.4299362931103753,0.4754489659566389
Hunan,2014,0.898972471190781,0.8602802794537513,0.7685310734463277,0.6441778600518326,0.1211731669297957,0.5634371979945682,0.1966841523012879,0.592931990720926,0.5452803537034652,0.2162797997520952,0.441984087947246,0.1944500396026582,0.1782738418227764,0.4128920265626137,0.2535329880451299,0.4149478261140092,0.4592587553016836
Hunan,2013,0.89281262962287,0.8627791687531297,0.7178582261416615,0.6483155776028418,0.1327636520171539,0.5615659967371872,0.1554338039245146,0.5680527751982546,0.5478718082667804,0.2144078808583094,0.4390039755759902,0.2576029025368805,0.3412232459906577,0.1568009543042341,0.257334694596504,0.4104260451454658,0.4502551528084646
Chongqing,2022,0.2202469188941017,0.3320559475995034,0.2634567544113393,0.392296004067369,0.3817890751040028,0.6840223177866318,0.1688476949285658,0.3566800792242152,0.1672505728737424,0.1201876871525439,0.1656856183865998,0.3356879880798459,0.3991983389160904,0.6684492894384693,0.7227175111737245,0.3452279479279591,0.3585714532024496
Chongqing,2021,0.2195989210742348,0.3366189519144048,0.2727103631532329,0.3625968031870961,0.4632668616888725,0.7093457906155838,0.1464439223026684,0.3471372428275252,0.1544844221729212,0.1233247261407949,0.1338838202868766,0.3673231041154227,0.3769998991907275,0.6541467395747926,0.7296408224056851,0.3460567802193619,0.3598348260433892
Chongqing,2020,0.2184241646011885,0.329485524948758,0.2683964049195837,0.3555212095047337,0.4904161048885089,0.5996968211312715,0.1518332662516191,0.2785425847272473,0.1737180844520355,0.1046950581313742,0.100736619203969,0.3602999269660021,0.3882417845943555,0.6401030553208955,0.7496045048846,0.3369282532760049,0.3473143409684095
Chongqing,2019,0.2185768790537962,0.3045730752542907,0.2908601639539028,0.3592292778646527,0.5761844018242813,0.4249120046585465,0.0951139276497219,0.2640905308798232,0.1947291234198823,0.1006370704486631,0.1185498384446809,0.409850585177068,0.358417633297091,0.5249523255901285,0.749607131347014,0.3292306606401518,0.3326855979242362
Chongqing,2018,0.2168436230580793,0.2953931290773589,0.3025876246573745,0.3349410167044131,0.6234961946478688,0.4338654632082145,0.0749887274528981,0.1211851523889003,0.0964870742470299,0.0989788589664883,0.1470144261141868,0.4435420445796437,0.3530697387580971,0.4553913759346247,0.749824721776656,0.3163583338394217,0.3165072781047889
Chongqing,2017,0.2088015053867649,0.274217936877708,0.3105219985085757,0.3458276424901617,0.6184494223654352,0.4101547984726229,0.075457128908769,0.1414548405510214,0.1014711316967773,0.1123370686464296,0.0396271657354458,0.3960961391333008,0.3342885751108691,0.6603747220177415,0.753551830117552,0.3135353034382011,0.318842127067945
Chongqing,2016,0.1873705746308486,0.2913437590947618,0.3086046511627907,0.3374644294029197,0.5896503514195908,0.4418606704536857,0.069575297089376,0.121140821176645,0.1088443439574027,0.1132711461302355,0.0528981819829285,0.393387048212201,0.2692722489092292,0.622345346816548,0.758778196760952,0.3047012667968353,0.3110538044800077
Chongqing,2015,0.1927143299288146,0.2548526619209527,0.3254186007493988,0.3194031907401169,0.5218957954022893,0.5332112042278311,0.0566089795096971,0.0941419300061364,0.1280613082575349,0.1100443101419311,0.0721488022396406,0.3051268345409955,0.2633090264568813,0.4240596736104574,0.765021583413771,0.2844754583598993,0.2910678820764299
Chongqing,2014,0.1901376440460947,0.2600234865812707,0.334180790960452,0.2857183265457238,0.5547098225101196,0.4410202932730024,0.0536177567459797,0.0717236672841738,0.1241592195864746,0.0987977321982882,0.0388760884804042,0.2959644375241531,0.2896906022170085,0.3781150779725213,0.76759103022108,0.275740560334372,0.2789550650764497
Chongqing,2013,0.1901363839989381,0.2560023368385912,0.3328669325394596,0.2809439769306158,0.485023153442731,0.4463578527880926,0.0569869171045114,0.0560275376462956,0.1182813188282536,0.1001116414455676,0.0635530360432788,0.3162606940265615,0.1971876384446231,0.3713450690300741,0.774094107291956,0.2661439647511095,0.2696785730933033
Sichuan,2022,0.7019898420350363,1.01,0.9457824703500144,0.7657068662595007,0.0770635364086506,0.5487564007574574,0.3058784614584175,0.3318090466165541,0.3367028947630152,0.300514444322014,0.2284577549342624,0.0947956055073556,0.5419556742885439,0.7224907290381893,0.2659567093543514,0.4315252206918751,0.4785240290728909
Sichuan,2021,0.7035616277706109,1.01,0.964295837023915,0.7328351253274734,0.1034388578942477,0.4342381050228954,0.2708967584463976,0.3134175436282524,0.3295411402417662,0.2983111728581051,0.2027851459118708,0.0998679481030313,0.5041623643138798,0.7552686779148321,0.275313085573623,0.4215442890408254,0.4665288926687266
Sichuan,2020,0.7045829724967898,1.01,0.9782473982970672,0.7156557032293688,0.1124037071982277,0.2988087161479434,0.2362765979350845,0.2779767812006802,0.3422943132387174,0.2920524110399973,0.1774509259748158,0.1387724765757373,0.4490658961296468,0.7300577480741458,0.289418857869499,0.4082883072430913,0.4502043003605148
Sichuan,2019,0.7096260969095766,1.01,0.9915848877272188,0.7151275001590933,0.1195647199352319,0.2787186961569691,0.2327518340409806,0.2639226636004176,0.3906552939523646,0.2908345587244973,0.1967048227746822,0.2251785211746443,0.3757632689498238,0.5973193109125405,0.263899517303776,0.4044608125732376,0.4441101128214545
Sichuan,2018,0.7092309839064777,1.01,1.01,0.6788896037759132,0.1274882433896596,0.2055403089644161,0.2106764835456624,0.2493125559236844,0.199883109433913,0.2963046201401539,0.2236758834698886,0.2478684994646911,0.3253777590602814,0.5039063868582256,0.2501199683400359,0.3817459273588364,0.4165516270848669
Sichuan,2017,0.7043031125325064,1.01,1.01,0.684375137999224,0.1621831907165811,0.2394439373434381,0.2095274240428206,0.2893524532549789,0.2042929022370856,0.3205297443911657,0.1253489171673351,0.2680237604122786,0.2314037277110547,0.7150135452788003,0.23833062583853,0.3854140245380371,0.4274752319283866
Sichuan,2016,0.6245110597165392,1.0089904952279842,1.01,0.6915806545320997,0.1747056844836369,0.2395683529233235,0.1691354290103425,0.2705485706291838,0.1959478175437331,0.3276860351240168,0.1263022816276129,0.238802493887017,0.1670136267969971,0.6849486253927376,0.234522386018393,0.3686236707604249,0.4109509008609079
Sichuan,2015,0.6731847725162489,0.901407545064235,1.01,0.6886964509905993,0.144240217731525,0.3190061282538611,0.1459879247261692,0.2950990080812529,0.2205316553644149,0.3208819251552949,0.1582265436576265,0.1844053983661705,0.198062978448369,0.3571683650410873,0.2561141325536969,0.352862354224547,0.39153420306337
Sichuan,2014,0.6569750320102433,0.9210011396695575,1.01,0.6482296927064051,0.1308866287102698,0.2935690080531454,0.1252761572093862,0.2458789281429607,0.2387235691819099,0.3005933595028227,0.1465932229582151,0.1824186631907014,0.0947313596113103,0.1951790241499583,0.26056527739289,0.3258169766189208,0.3633747374993183
Sichuan,2013,0.6471057390784954,0.9217676514772156,1.01,0.6191670509887703,0.1325632970397403,0.2518631849234423,0.086957522095402,0.2329319696781298,0.2756768580177455,0.2866939236654706,0.1515175576617447,0.2327216872844091,0.3021711053562133,0.3513798854209533,0.264119047248954,0.3491827439605066,0.384442431995779
Guizhou,2022,0.3981691272471628,0.5982331187852514,0.0694735319641307,0.1837831680428361,0.2377575257581652,0.4618074927499127,0.01,0.113262210731654,0.1485186114148343,0.01,0.3127376335357335,0.3259820518903627,0.3412718993898367,0.7827797054196897,0.7870993276419402,0.3014810035583781,0.318725026971434
Guizhou,2021,0.3915380555881319,0.6124349898982105,0.0663920873929731,0.1729799050000187,0.3906137868471948,0.4146044312670673,0.01,0.0953124756628534,0.1474773350009472,0.01,0.2342775687361351,0.4133768194906201,0.336618374977441,0.8125669695112018,0.785016812597002,0.3099530347191248,0.3262139741313198
Guizhou,2020,0.3803377430047481,0.5892852558854911,0.0664096499526963,0.1654910756471615,0.4477795276677886,0.4085904414328304,0.01,0.0718328539419764,0.1499396888014497,0.01,0.155513607011781,0.3914937603227815,0.2651528336393703,0.693567359114225,0.7964619994809861,0.2904375476475428,0.3067903863935524
Guizhou,2019,0.37422739412438,0.572435282787663,0.075581561126292,0.3733388465086278,0.4124243731573738,0.3932361569470267,0.01,0.042118123312182,0.1720933437845998,0.01,0.1452654745794964,0.4007804472829946,0.2312907312973012,0.5680227127982336,0.789869706132417,0.2855966996458831,0.3047122769225725
Guizhou,2018,0.3639179509442153,0.5441692335566221,0.0733930133551058,0.4033201993306938,0.3571245291972612,0.3561615643449324,0.01,0.0360392576040952,0.01,0.01,0.1579108036191142,0.3598508999544416,0.1420122797515577,0.3974634241582854,0.767473630637034,0.2490087172827304,0.2659224524302239
Guizhou,2017,0.3426710923745377,0.5104406617282099,0.1176693627029197,0.3924301129526488,0.3558217187752847,0.2046250757791496,0.01,0.01,0.01,0.01,0.01,0.2941048098687182,0.0805380601704453,0.2530559349629003,0.765820375114703,0.209747727013709,0.2244784802953011
Guizhou,2016,0.2944689557018324,0.4979560300664201,0.1327359781121751,0.3869383021540286,0.0664454832561124,0.01,0.01,0.01,0.01,0.01,0.01,0.1019281725767385,0.0711117767912735,0.279527639186339,0.754838887444196,0.1632219575748379,0.1763967483526077
Guizhou,2015,0.390099040544723,0.4624030119906051,0.1386840780716962,0.3903472456134979,0.0366294462813299,0.01,0.01,0.01,0.01,0.01,0.1575283669508239,0.0851077260658873,0.0972204635312578,0.2254111366386289,0.766869198604718,0.1774015360215404,0.1866866476195445
Guizhou,2014,0.3846158770806658,0.370880587720209,0.1425988700564971,0.3629486856719733,0.01,0.01,0.01,0.01,0.01,0.01,0.167533256766376,0.01,0.1230494067785188,0.2169947685985644,0.774852833575317,0.167778653319501,0.1742316190832081
Guizhou,2013,0.3630055914121219,0.2853463528626273,0.1331253159579846,0.3442265186097193,0.01,0.01,0.01,0.01,0.01,0.01,0.1612430020043032,0.01,0.01,0.1092787878352151,0.787257666648648,0.1474548641565948,0.1508988823553746
Yunnan,2022,0.413649980630999,0.6570118005907785,0.0485883714203066,0.6338127723109993,0.01,0.01,0.0401262290469606,0.01,0.2654032518461946,0.2270782042465096,0.0828220678393968,0.01,0.451489224633098,1.01,0.3476404618463601,0.2435014910019964,0.2811748242941069
Yunnan,2021,0.4111082444001407,0.6767071046695751,0.0512164157071154,0.5981839257440482,0.01,0.01,0.0297916669733659,0.01,0.2664987644666671,0.2271807495572718,0.0378468036294474,0.01,0.5138128841829698,1.01,0.351415952299731,0.2428200854154025,0.2809175007753555
Yunnan,2020,0.4108421178367725,0.6156662032085004,0.050267265846736,0.5789283426872435,0.01,0.01,0.0267353638044052,0.01,0.2761169628845611,0.2244401390635586,0.01,0.01,0.5559255531139867,1.01,0.341058058757859,0.2393652400859637,0.2759986671469082
Yunnan,2019,0.4092979778710416,0.6064416719740404,0.0543150766306284,0.5700733250254704,0.01,0.01,0.03212401773448,0.01,0.3109135580121832,0.2238311432009653,0.0381062347454739,0.0875936377185973,0.5485040690894362,1.01,0.338634226892563,0.2495067102772796,0.2839889959263253
Yunnan,2018,0.4130357530466061,0.5306813818338675,0.0513483408176357,0.5349458053560454,0.01,0.01,0.0298764414872643,0.01,0.1289446653870949,0.2252833500958026,0.0948433969749347,0.0258901519162919,0.5265882310909168,1.01,0.321507459696,0.2308519110339259,0.261529665180164
Yunnan,2017,0.5612267609956227,0.4859448315144256,0.04980955658808,0.5415543838851434,0.01,0.01,0.0286940857893769,0.0230743082942952,0.1407757964455726,0.2427936015035648,0.2144185084176802,0.01,0.4549610126856021,1.01,0.214985043802996,0.2341439172401496,0.2665491926614906
Yunnan,2016,0.5019498309909268,0.513379039258823,0.0469904240766073,0.5251712190107213,0.01,0.0280595881189938,0.0311201031681437,0.0274380435992433,0.1517551288231991,0.2402954857666637,0.2046708704584997,0.01,0.4821024285484976,1.01,0.229260742694497,0.2356675251467251,0.2674795269676544
Yunnan,2015,0.5073692355307954,0.4817564084401493,0.0426603657513561,0.5237765257065866,0.01,0.158389960863243,0.0257844887524913,0.0241585403142666,0.1843516050081809,0.2364189134772104,0.1848949144289868,0.01,0.6766559473708962,1.01,0.262508685663884,0.2566624363926831,0.2892483727538698
Yunnan,2014,0.5057106274007682,0.522573181093199,0.0421468926553672,0.4637999259533506,0.0169105439759968,0.15125638622793,0.0180066259113093,0.0144627234081631,0.1810708233579541,0.2135741231189298,0.1692090079922389,0.0288685307915865,0.7008747583473482,1.01,0.28238873393386,0.2562052455576138,0.2880568589445334
Yunnan,2013,0.5006339699026066,0.4997679853113003,0.033591529517497,0.4470237820194053,0.0129205976023169,0.1477326701814737,0.0173193286410532,0.0114439961955389,0.1591621177014169,0.2114468471221373,0.1792768112433233,0.0737148393894657,0.1227996596333204,0.1836867713323448,0.313339023783418,0.1679075888557353,0.1942573286384412
