province,year,Cropland multiple-cropping index,Water consumption per unit agricultural output value,Electricity consumption per unit agricultural output value,Agricultural machinery power per sown area,Irrigation-area share,Chemical fertilizer application intensity,Plastic film application intensity,Diesel application intensity,Pesticide application intensity,Forest coverage rate,Flood-prevention area,Erosion-control area,Total output value of agriculture / forestry / animal husbandry / fishery,Grain yield per unit area,Rural per-capita disposable income,G_entropy,G_equal
Shanghai,2022,0.6936824447441996,0.01,1.01,1.01,1.01,0.5872168792977287,0.01,0.8893595803796094,0.5664008227592761,0.01,0.0229025854796288,0.01,0.01,0.5134553451542648,1.01,0.4488831290242215,0.4908678438543137
Shanghai,2021,0.677361641698901,0.01,0.824139091149331,1.01,0.929844784950292,0.589847526152074,0.01,0.887598070210715,0.5910102388421901,0.01,0.0202473662432151,0.01,0.01,0.528351818073343,1.01,0.4379562129754275,0.4745600358213374
Shanghai,2020,0.72633810379977,0.01,0.885626070705758,1.00722424252161,0.908208338421726,0.575909116725602,0.01,0.400928844027708,0.47320026120412,0.01,0.0218896250195185,0.01,0.01,0.550088128134428,1.01,0.4150556289592805,0.4406275153706826
Shanghai,2019,0.666004512679167,0.01,0.01,1.01,1.01,0.524635314902944,0.01,0.47667231865908,0.479370801866458,0.01,0.0221537114838058,0.01,0.01,0.581850252215474,1.01,0.3975726377824917,0.3893791274537951
Shanghai,2018,0.507314843692771,0.01,0.01,1.01,1.01,0.527396616704745,0.01,0.336003090296393,0.44266657093151,0.01,0.0239111936096106,0.01,0.01,0.602881115546911,1.01,0.3831848590179762,0.3686782287187959
Shanghai,2017,0.526448859333653,0.01,0.01,0.946312468536456,1.01,0.451766621540475,0.01,0.274396355096747,0.404392202363681,0.01,0.0249276784869034,0.01,0.01,0.516235598713339,1.01,0.3677185854418032,0.3482986522714169
Shanghai,2016,0.417403093568412,0.01,0.01,0.957654824517565,1.01,0.452477248090285,0.01,0.319283101580171,0.359215649363893,0.01,0.0294202713079088,0.01,0.01,0.608206060531412,1.01,0.3658082718198497,0.3482440165973097
Shanghai,2015,0.173767958227479,0.188769868088956,0.01,1.01,1.01,0.387698329381796,0.01,0.330103510424264,0.272155243736055,0.01,0.0296338419414399,0.01,0.01,0.56900832385413,1.01,0.351184582339516,0.3354091383769412
Shanghai,2014,0.234037275610928,0.361735800945999,0.01,1.01,1.01,0.351650917298394,0.01,0.358889752157541,0.223314625110124,0.01,0.0292322634478891,0.01,0.01,0.448122604327477,1.01,0.3511889034635375,0.3391322159265567
Shanghai,2013,0.0930446699692353,0.352187978831419,0.01,1.01,1.01,0.28812220002046,0.01,0.329434028153177,0.202801906807913,0.01,0.0304675288262713,0.01,0.01,0.448618026442684,1.01,0.3371883516294292,0.3216450892700772
Jiangsu,2022,0.5183735049898334,0.5693767859081353,0.7067539254659616,0.3566841322989643,0.9284181063770114,0.01,0.7970564642983236,0.8410549680413557,0.457239666592196,0.0346179966044142,1.01,0.0906494521390685,0.8925407091369976,1.01,0.577957975152463,0.6243831204230249,0.5867149124669816
Jiangsu,2021,0.499315653718529,0.586442714059409,0.6029499521856511,0.407096531178019,0.930923132151701,0.01,0.7894369567928,0.841801502733782,0.465219277353306,0.0346179966044143,1.01,0.0934565024604844,0.888916878785219,1.01,0.552954107993111,0.6213888918397654,0.581542080401095
Jiangsu,2020,0.485411000352335,0.485170756859588,0.54674424304663,0.414663289235585,0.920134567017817,0.01,0.78588573558039,0.847006166049286,0.486369727141355,0.0346179966044143,1.01,0.0966273030452135,0.868581563458138,1.01,0.549610640766685,0.6144219488700758,0.5700548659438291
Jiangsu,2019,0.449373694174859,0.400106799295623,0.947898615997057,0.471488581478234,0.833188734879138,0.01,0.7849349855865531,0.848090101425512,0.5023355163719669,0.0346179966044143,1.01,0.0998734661110899,0.959227431126307,1.01,0.541180227194738,0.6201239454432156,0.5934877433496996
Jiangsu,2018,0.170828062516766,0.435504174942726,0.942364243079426,0.5202453512589,1.01,0.01,0.770772575690559,0.768545985601202,0.442643737899714,0.0346179966044143,1.01,0.1033766989901424,1.009551114972488,1.01,0.548710270783112,0.6204773919600214,0.5858106808226299
Jiangsu,2017,0.361567226451785,0.419186498177603,0.940491390129798,0.59354450506922,0.88675934524161,0.01,0.813401137281456,0.795709176549551,0.498187124993535,0.112699411406535,1.01,0.1071555461562863,1.01,1.01,0.552780875611287,0.6341982190880341,0.6080988158045777
Jiangsu,2016,0.341035331675618,0.364334614179073,0.940703543074602,0.630931263184451,0.866464700336612,0.01,0.835361263540162,0.79783568239415,0.502487763050423,0.112699411406535,1.01,0.111099072414062,1.01,1.01,0.55591195690214,0.6321896969800876,0.6065909734771885
Jiangsu,2015,0.337033919804849,0.374166673299932,0.93069395547051,0.673088501277377,0.841365622731926,0.01,0.845148174026918,0.797444360487913,0.497839298696326,0.112699411406535,1.01,0.1150256747705719,1.01,1.01,0.57073029339436,0.6335727575370527,0.6090157256911478
Jiangsu,2014,0.460905764216249,0.342485213008305,0.9140700393268372,0.634654569797771,0.842428516431312,0.01,0.841854296713359,0.797158036798212,0.490129774445946,0.112699411406535,1.01,0.1202681635454459,1.01,1.01,0.580728079116278,0.6372617656537215,0.61182545765375
Jiangsu,2013,0.44571294971346,0.378410808944291,0.9095692653801252,0.652671982302255,0.81262033669832,0.01,0.847954917263131,0.796773345127363,0.508333608356909,0.112699411406535,1.01,0.1082790261931957,1.01,1.01,0.582727272727273,0.637121764566523,0.6130501949408571
Zhejiang,2022,0.8056130014050364,0.8134532652877224,0.01,0.01,0.925651331217316,0.3463343469689909,0.3510772106377545,0.01,0.01,0.9732852292020374,0.154136767406084,0.3213080491495269,0.3728928783785194,0.3465284712697119,0.9268264630495682,0.4431120918506161,0.4251404675981511
Zhejiang,2021,0.773244791115346,0.782867995890158,0.01,0.01,1.01,0.336432152438198,0.344013838948038,0.01,0.01,0.973285229202037,0.136971306931964,0.331914830722148,0.373194505398051,0.36836144399241,0.882458561598467,0.4402770606612954,0.4235163104157878
Zhejiang,2020,0.742457401606739,0.768219326745137,0.01,0.01,1.01,0.327782941349974,0.420671101364719,0.01,0.01,0.973285229202037,0.136543085948828,0.34347001257449,0.369991495647114,0.361930984150808,0.881898233701491,0.440027196905373,0.4250833208194224
Zhejiang,2019,0.733330999518696,0.787616062519865,0.935885611376961,0.01,0.9050366461409172,0.309878338308259,0.441132387708828,0.01,0.01,0.973285229202037,0.133857143821545,0.355139340188845,0.413760931027681,0.350756391985304,0.862069397341224,0.4569305531406833,0.4821165652760107
Zhejiang,2018,1.01,0.7399549225629181,0.928362422965618,0.01,0.649228188239736,0.6195911489935501,0.663015056221033,0.01,0.223033980748483,0.973285229202037,0.138876096986719,0.38066594390572,0.425247610773241,0.382713299519017,0.8612822746943161,0.4938953386369337,0.5343504116541592
Zhejiang,2017,1.01,0.717215674292435,0.925339401500286,0.01,0.656230952737611,0.554929468251655,0.683130376349859,0.01,0.206729595131295,0.990921453216968,0.148071060931435,0.403475732261817,0.417768686486329,0.293714428401955,0.858638154875263,0.4883692061033957,0.5257443322957938
Zhejiang,2016,1.01,0.672547015855946,0.930201422280454,0.01,0.661876420496763,0.572371427770984,0.71829430066555,0.01,0.190427259147696,0.990921453216968,0.185422318914768,0.422001826219614,0.421654676258993,0.281265331490754,0.857717454288845,0.4960254857820116,0.5289800604404891
Zhejiang,2015,1.01,0.651687718880709,0.914924620263877,0.01,0.6562249487990021,0.556238961410691,0.734090604332755,0.01,0.0799022976682991,0.990921453216968,0.187917811670252,0.439526573681304,0.40101096875836,0.317847258384319,0.878494085963726,0.4895628380790983,0.5225858202020174
Zhejiang,2014,1.01,0.666286323197149,0.901784958862197,0.01,0.672612163930844,0.534737242050965,0.765225764515273,0.01,0.0457369346705067,0.990921453216968,0.186218612020418,0.456673693499363,0.422076063516957,0.52041474303783,0.884776176964822,0.5006187779319503,0.5384976086322195
Zhejiang,2013,0.989422890619192,0.699019427086521,0.899750918687816,0.01,0.665818645735381,0.503390889975451,0.770706038070271,0.01,0.0415815966667119,0.990921453216968,0.187794133109032,0.477858472042197,0.440868112091867,0.506836100060418,0.88122464312547,0.5000588120996627,0.5383462213658198
Anhui,2022,0.749995059077807,0.6572158343496377,0.8084509009622415,0.1711600190412917,0.7460112311934087,0.3662923045843256,0.9016683048077064,0.930438192076572,0.5330218033401098,0.3200594227504245,0.6381574115428514,0.1999556058061619,0.6363626216579912,0.868662403942014,0.2355031184312158,0.5483371980677209,0.5841969489042506
Anhui,2021,0.72703604295014,0.708167540414352,0.774418161489213,0.215868045298464,0.661054157300506,0.366887231971351,0.906002147976226,0.932422068688077,0.543326850634952,0.320059422750424,0.565032848661602,0.202926324575284,0.639267971561485,0.880002793363397,0.224910811000366,0.5293292439304803,0.5778254945757227
Anhui,2020,0.718165634347559,0.669920139153779,0.73280959702635,0.267248453751415,0.65618029333117,0.367446115193655,0.91419452054074,0.937394981739018,0.5259180278603011,0.320059422750424,0.565459635503803,0.206544748783555,0.614379741736231,0.869719376519727,0.223928402595728,0.5253051888189935,0.5726246060555638
Anhui,2019,0.697884304965329,0.632794003699396,1.005877045221227,0.349906440383285,0.59372208187227,0.363246082045774,0.917980856363444,0.939255248827302,0.523111484652646,0.320059422750424,0.556592977805581,0.209214419511449,0.6513702413044911,0.891303686014928,0.217661694646351,0.5288249353175906,0.5913319993375931
Anhui,2018,0.496498260529768,0.548521964959127,1.006042903230499,0.404734953948307,0.704206011499758,0.34925202093293,0.941462533612218,0.904456751037936,0.46882946042491,0.320059422750424,0.569374587217831,0.209682788251119,0.64467998841587,0.908198747290999,0.217172799705692,0.5239576777276599,0.5795448795871592
Anhui,2017,0.525930389811723,0.528426352529526,1.006338245697749,0.498405065542784,0.705576133039679,0.277893981320437,0.93447946584923,0.905965377031791,0.461154953259509,0.35077531966714,0.606514217667077,0.215170772972401,0.636808956701511,0.943315762251849,0.215165674011785,0.5344099420735093,0.5874613778236129
Anhui,2016,0.510073070836457,0.453016908204588,1.005950931291112,0.441381413139699,0.69348787086945,0.287822858573614,0.942782510372379,0.906153133852644,0.452332179150992,0.35077531966714,0.7643191707192221,0.221774662316404,0.638834532374101,0.955570827840551,0.218271897464731,0.5594844669910977,0.5895031524448725
Anhui,2015,0.383780211308323,0.472285268563994,1.005462403937349,0.604671168473239,0.689801919497755,0.270662216607807,0.941168963894064,0.905632395626165,0.430857457088034,0.35077531966714,0.783463319554617,0.228253175563729,0.61762165215065,0.839152953048691,0.227077688500029,0.5562667423511979,0.5833777408987725
Anhui,2014,0.622329466758792,0.606618658353808,1.005749173477219,0.49023854491732,0.69431589577228,0.270265713868105,0.949003101434124,0.90813145438661,0.417262859240884,0.35077531966714,0.791698776742913,0.218598882243357,0.6473750245049991,0.7169285265719471,0.233492465772293,0.5666955136558939,0.5948522575807861
Anhui,2013,0.613031746117106,0.544018991781377,1.005892526714614,0.504920807206999,0.690944779202855,0.286641904701254,0.948830859579872,0.907232414151092,0.429924439443372,0.35077531966714,0.811773385203098,0.222330437237715,0.6417079441254611,0.6999476824223461,0.231788129226146,0.5686283602275357,0.5926507577853631
Jiangxi,2022,0.2481775556356796,0.3222770419144175,0.8433197291388651,0.7637344944550908,0.7058289350830265,0.6133724837452057,0.8772514895663119,0.9484482812561644,0.2896639385794645,1.01,0.1307384248920649,0.5477600053206524,0.4220776524832313,0.5832151446167111,0.2493794648518408,0.4698639405426487,0.5703496427692485
Jiangxi,2021,0.2544950861585709,0.329460516409941,0.826299307631509,0.83400589117737,0.554678940947941,0.618066271474515,0.896596439993187,0.950370026778639,0.324401356532498,1.01,0.1094001163920243,0.560644246987428,0.419154744141139,0.63217133233794,0.237087116105453,0.4611181208563165,0.5704554262045437
Jiangxi,2020,0.243608283951822,0.282984964576285,0.8056119045501761,0.889629288782329,0.547302984433585,0.637957373206969,0.905768743320766,0.955162404981298,0.359170367367511,1.01,0.1083938968078699,0.574567273522497,0.406224514916187,0.632645886789404,0.239425415789247,0.464458200929953,0.5732302201997297
Jiangxi,2019,0.230054484941334,0.270745187244645,1.006498643933033,0.884692504825206,0.501814287151195,0.607667502679068,0.912025133708054,0.955930630765613,0.261529325451322,1.01,0.1062688263263657,0.5901540578768301,0.430343217831547,0.659889518445435,0.234609940772498,0.4580246863508023,0.5774815507968099
Jiangxi,2018,0.16900609608154,0.143109045810588,1.006862897184526,0.869686365088295,0.554481139455521,0.608930239432773,0.936722960300141,0.93304542792204,0.1080721539460488,1.01,0.1098625797466184,0.604059306551025,0.423987836663771,0.694845462307169,0.23962833880321,0.4444864885785113,0.5608199899528843
Jiangxi,2017,0.18720931780178,0.150561530179301,1.006891636758617,0.973418542314911,0.56294342068806,0.511515389585056,0.9244972289323872,0.93891987460647,0.01,1.01,0.11506175853633,0.621959395157027,0.414216288617768,0.68550324231877,0.240677519927832,0.4386353433100102,0.5568916763616206
Jiangxi,2016,0.177225949684872,0.0521827010073164,1.006329106950424,0.977016847546927,0.56706900207558,0.500248530774235,0.935228608137663,0.944807597661291,0.01,1.01,0.14165472229332,0.641927663886507,0.419381294964029,0.718015637425633,0.242207503112432,0.4426680915656891,0.5562196777013486
Jiangxi,2015,0.175683957272944,0.01,1.005710173789872,0.942072619566222,0.568909184735893,0.506138438361301,0.931270350056517,0.941007803451516,0.01,1.01,0.143863487948872,0.665429303314807,0.389967896316994,0.711254916800351,0.247206273746231,0.4402359047117533,0.5505676270241013
Jiangxi,2014,0.32913281067874,0.01,1.005428169484851,0.941473953227916,0.577588550463578,0.514409142477847,0.939817432432809,0.940388920556123,0.01,1.01,0.142065145787516,0.665897637023238,0.402782460955368,0.728810860328331,0.247279964739263,0.4508909870874157,0.5643383365437055
Jiangxi,2013,0.315839765798854,0.01,1.005618654655656,0.928031762471903,0.580748953557822,0.520154528335262,0.943222047229104,0.937675051924015,0.01,1.01,0.14507167139803,0.668205105170621,0.396476990316223,0.756883893050479,0.249744552967693,0.452314176703173,0.5651781984583775
Hubei,2022,0.616007065356061,0.7702319627644885,0.9818214577136378,0.5631054979712323,0.5256747232319298,0.2645341372897301,1.0012764890026022,0.9320321895423878,0.3201209671956636,0.5526570458404075,0.353754652374572,0.5695829938646226,0.9139775512971636,0.4432692294852636,0.2406755255988041,0.5079054743284626,0.6032480992352378
Hubei,2021,0.623883257747661,0.762930532213563,1.01,0.613741444974796,0.419954970557102,0.277858450780896,1.01,0.934403161977907,0.332330615729855,0.552657045840408,0.324813872336094,0.581084525900294,0.890749144211358,0.478550612386263,0.220519548327268,0.4972851536593531,0.6022318121988977
Hubei,2020,0.639737357956869,0.815908010501486,1.006522632037948,0.6481399112314951,0.412997869727342,0.28647610465965,1.01,0.940260313173309,0.353202665986592,0.552657045840408,0.328929710678356,0.592800284292822,0.795958865787884,0.497284596041692,0.210421161201599,0.5003549891793035,0.6060864352744967
Hubei,2019,0.639270372444768,0.752436369179275,1.008450295057772,0.659821277453701,0.353361123955127,0.282533263554959,1.01,0.940299173375927,0.360360088970352,0.552657045840408,0.34851045588232,0.609258381436599,0.851225590111118,0.522339179850784,0.26110856592792,0.5076214511919498,0.6101087455360686
Hubei,2018,0.46572708222358,0.731979841717073,1.009386670996247,0.682708971742522,0.422819656663054,0.278711828001548,1.01,0.908423672638791,0.319376127521724,0.552657045840408,0.35339536942411,0.625822441727399,0.86696495800753,0.567757542699584,0.264697801399901,0.505733643290731,0.6040286007068981
Hubei,2017,0.493961358184185,0.762760857953541,1.009743748811939,0.7686538953937,0.425050469414179,0.136687213557874,0.992042391481652,0.908041258665391,0.304537369111273,0.571396387253907,0.373979252719219,0.640591096542244,0.859823836007338,0.544987632495577,0.270763139708481,0.507678515991348,0.6042013271533668
Hubei,2016,0.500676124710862,0.776106410052445,1.008972795669375,0.784571731493782,0.425519250893599,0.138253185836617,0.99002327763492,0.909518164982118,0.2899355524785,0.571396387253907,0.454906577937036,0.659265614734474,0.872345323741007,0.5476800401731771,0.275902088915152,0.5269471977464092,0.6136715017671314
Hubei,2015,0.497371028613564,0.684855455120666,1.008665990023023,0.752143957355937,0.428729220338147,0.146060166774405,0.978087314047412,0.909684913922431,0.282932105874952,0.571396387253907,0.445216277227329,0.672056566748528,0.816456407360067,0.598936882132901,0.291762262695738,0.5213775414968552,0.6056236623659338
Hubei,2014,0.603229413520452,0.713795396471027,1.008994230205458,0.7386959114338371,0.438375364411041,0.1039305466736515,0.984182075320178,0.905198590132829,0.25312094940993,0.571396387253907,0.444112690996679,0.673594470046083,0.848168986473241,0.461930653666303,0.297726233437095,0.5191299166759776,0.6030967932967807
Hubei,2013,0.597867945860847,0.727196897197375,1.009367289873252,0.744076284916419,0.428714555538376,0.1042390757796457,0.987279897038514,0.907614478449367,0.292021379523634,0.571396387253907,0.451874320961693,0.674647527624132,0.839051332590625,0.4717677631363,0.295048835462059,0.5234784670743979,0.6068109314137431
Hunan,2022,0.01,0.6762449305048022,0.8693121999463905,0.1812592609209704,0.6877807118218856,0.1690339274390983,0.8717459741233402,0.933388944729746,0.1328390588024894,0.766578947368421,0.1185802193439531,0.3771083916665281,0.8326948874956971,0.5002877186192519,0.2344040779780729,0.392645602302581,0.4907506167173766
Hunan,2021,0.01,0.663836495882655,0.811370821449483,0.203883032396407,0.726256178203594,0.166029783461882,0.85529685903846,0.937958918320467,0.0874358631909432,0.766578947368421,0.1052179695123705,0.379063972595594,0.821188887913631,0.548090165216197,0.221930051510641,0.3885335122568391,0.486942529737383
Hunan,2020,0.01,0.655554782685458,0.817439952160089,0.240717682792713,0.717502912119974,0.165346017529976,0.852192736540566,0.945310772069969,0.0301502776297854,0.766578947368421,0.1089114189475563,0.380227616496273,0.819278696596021,0.552660160437955,0.222398470067472,0.3857147008172588,0.4856180295628153
Hunan,2019,0.01,0.615648602252991,1.01,0.28179276509778,0.652058125683016,0.159524660216452,0.854615366473607,0.947031909272113,0.0395993235241396,0.766578947368421,0.1076864968012402,0.383265415344623,0.814826089815241,0.5797526125996411,0.216716906800244,0.3863916951704143,0.4959398147499672
Hunan,2018,0.01,0.474101791110582,1.01,0.352853235395163,0.69160280009325,0.241196601054457,0.88124352059858,0.925747447806354,0.01,0.766578947368421,0.111531088725282,0.385986267542011,0.744433825658847,0.621114785849125,0.221843977810694,0.3891643612684528,0.496548952600851
Hunan,2017,0.01,0.465610650527147,1.01,0.455719483241752,0.692415049914092,0.172497976956768,0.879235906945472,0.928298122061206,0.028850621726117,0.761572965293282,0.1187986606942669,0.389845617003278,0.726434207844393,0.589927492985245,0.224534788641004,0.3899665228888176,0.4969161029222682
Hunan,2016,0.01,0.505476829429373,1.01,0.509943132530663,0.6918285747846961,0.207306045227746,0.893102462014892,0.929733441488593,0.0586350817801406,0.761572965293282,0.147637573585872,0.392370299433204,0.844071942446043,0.599437070539048,0.230314283911165,0.411990579378967,0.5194286468309812
Hunan,2015,0.01,0.5026878970545879,1.01,0.58149261694833,0.690993260132819,0.234073508172208,0.898839107311951,0.929409068764274,0.0453779082797062,0.761572965293282,0.150692073868062,0.393041725908605,0.801905710293986,0.619967879106834,0.237938526896063,0.4159756598466257,0.5245328165353806
Hunan,2014,0.01,0.522959555081913,1.01,0.578015912052754,0.707312524838321,0.23752109423869,0.9095601691767812,0.930648264835109,0.0373880187916109,0.761572965293282,0.152605223419242,0.391042259045004,0.823990720773705,0.558160478874268,0.243395774221096,0.4170879339511747,0.524944864042785
Hunan,2013,0.01,0.576965935677694,1.01,0.58099602442401,0.705713273850016,0.240687368220318,0.908680191347041,0.931976744777807,0.0919874156335865,0.761572965293282,0.156111519994392,0.394876990798373,0.818998200359928,0.588373719112313,0.245236664162284,0.4264550941548191,0.5348118009100696
Chongqing,2022,0.4797908875831635,1.01,0.9603696464321952,0.8543143816134002,0.0255061983568352,0.4245255033746346,0.8413030457648751,0.9443422516661452,0.7270523622659103,0.6269354838709678,0.01,0.3516025140082802,0.3015514849316212,0.3534755286873309,0.2254273000111441,0.4013956428313249,0.5424131059044335
Chongqing,2021,0.499376507321416,1.01,0.960898740163961,0.886116179713123,0.0542971024019232,0.440346012822572,0.85006483419511,0.946913698998802,0.746923324018822,0.626935483870968,0.01,0.353189761602532,0.302580970771526,0.409946221523608,0.214308658619265,0.4109348001430619,0.5541264997349085
Chongqing,2020,0.512600972832166,1.01,0.977188909830831,0.919263380796031,0.0530369248564911,0.463448973167444,0.860757880367335,0.952731624178666,0.771587710879286,0.626935483870968,0.01,0.361356769267217,0.286313139225209,0.427341056748839,0.212806308822897,0.417747041024948,0.5630246089895586
Chongqing,2019,0.481813762246784,1.01,1.006403778270029,0.901450161555319,0.0581936075040425,0.47215850503022,0.859409388235896,0.954018680048063,0.7826309012249351,0.626935483870968,0.01,0.365757100806606,0.27997172726675,0.433245984199938,0.205063037849449,0.4175009693525267,0.5631368078739333
Chongqing,2018,0.5746327189279891,1.01,1.006031193820338,0.872985573885813,0.0686420836869556,0.619571515892014,0.907037755245211,0.942912077518065,0.81786218502621,0.626935483870968,0.01,0.36938284245819,0.265256298870547,0.449375165708969,0.206775192897873,0.4353212126496882,0.5831600058539428
Chongqing,2017,0.603955297629187,1.01,1.004913346053902,0.980372834264554,0.0719671521833082,0.587658132698443,0.898207088553437,0.9432920623002912,0.83700128697195,0.572005277044855,0.01,0.369247118536534,0.244385464286754,0.411959982045309,0.208819364947061,0.4350726557731145,0.5835856271677056
Chongqing,2016,0.60677131748218,1.01,1.004412878235084,0.967101818017072,0.0757873296296091,0.625447556939933,0.911158796088904,0.944343833837896,0.847497725470636,0.572005277044855,0.01,0.370110464015679,0.252187050359712,0.421212022246046,0.208421122081916,0.4393837612119262,0.5884304794299682
Chongqing,2015,0.652071971565815,1.01,1.002396462080937,0.947851197760359,0.0733433637894006,0.64172407341582,0.918528080571825,0.946369948475934,0.84725878373858,0.572005277044855,0.01,0.370739339388741,0.223355726643084,0.406889488202235,0.207100826258195,0.4396465314295036,0.5886423025957187
Chongqing,2014,0.706569725626472,1.01,1.000550076847614,0.981123911519596,0.0883241307759872,0.6522311917875571,0.932875126626388,0.9417548096210692,0.845923576992902,0.572005277044855,0.01,0.36649328365526,0.21793308501601,0.480927882326388,0.204113109831685,0.448687122935887,0.6007216791781188
Chongqing,2013,0.708065124463127,1.01,1.00001306393884,0.956446963956721,0.1017415994382828,0.650978858335639,0.9345779297764292,0.944760732906126,0.856611844406386,0.572005277044855,0.01,0.340604073356348,0.213993487016882,0.542438411949523,0.204966190833959,0.4507782070446213,0.6031469038282078
Sichuan,2022,0.397150364251732,0.8662476956089399,0.952910830063182,0.7915422450657376,0.3513733580375777,0.6240941755621023,0.8426626557321019,0.9639066490970876,0.7688225432508221,0.519125636672326,0.035705920301722,1.01,1.01,0.4728061763132407,0.2008218593766212,0.5169921927341625,0.6538113406222128
Sichuan,2021,0.41651736815696,0.858778871424561,0.961363646684773,0.817214854088129,0.320038773428776,0.621925076246913,0.843670231141513,0.965208800789896,0.776530200653764,0.519125636672326,0.0312669913546837,1.01,1.01,0.536972723263399,0.193879740966156,0.518293264608992,0.6588328609914567
Sichuan,2020,0.420626599176965,0.869520244491246,1.007992365499655,0.842549074025184,0.319159434766379,0.625737491714981,0.852076221712612,0.968859282088059,0.792779907012881,0.519125636672326,0.0330832719891142,1.01,1.01,0.549973036707437,0.194227942756457,0.5242772150848686,0.6677140339075531
Sichuan,2019,0.413140300527548,0.8286979702957,1.0086173576208008,0.823295177225318,0.285381047215702,0.604447564055836,0.847574641773693,0.970257287120022,0.78224326092574,0.519125636672326,0.0309297668044582,1.01,1.01,0.562450895786598,0.18442031472131,0.5151363187819397,0.6587054147163369
Sichuan,2018,0.559224785861733,0.799514025334259,1.009113073319995,0.796324116530111,0.257586542392745,0.7076031288133771,0.922166631136311,0.963995517037198,0.803487871476068,0.519125636672326,0.0336441626518169,1.01,1.01,0.589269339165319,0.185002178269583,0.5297377579454638,0.6777371339107229
Sichuan,2017,0.589463564450233,0.787593819989739,1.009296192355699,0.894651082832665,0.251120885567864,0.682962727161355,0.89413446988068,0.965543061502736,0.800905342658759,0.506854069413436,0.0360387342365011,1.01,0.980052121247416,0.570718144177023,0.18713746115985,0.529528022490136,0.6777647784422639
Sichuan,2016,0.59597194630932,0.74969107511115,1.008257889161264,0.893697718372387,0.245335690455711,0.700110356820005,0.902676734142949,0.965257152070694,0.80171308688549,0.506854069413436,0.0431776298950602,1.01,0.951870503597122,0.597646879065526,0.18858761567633,0.5303572893963131,0.6773898897984296
Sichuan,2015,0.610993703840295,0.7620749402840991,1.008208291137415,0.861773456342374,0.236642797509474,0.707293592076391,0.906002528932899,0.964693890408338,0.8011712121814301,0.506854069413436,0.0438545378605311,1.01,0.912945810172111,0.575056644698047,0.190834855831537,0.5273334459084146,0.6732266887125584
Sichuan,2014,0.713438126116082,0.800650578135509,1.007994139365668,0.873406777041785,0.245816208818939,0.703565214072248,0.916630021553245,0.964415953278241,0.798828067286584,0.506854069413436,0.043387047190495,1.01,0.9192824936287,0.584829846097594,0.194326878047437,0.5367172056774103,0.6855616946697309
Sichuan,2013,0.701687237426034,0.845206475923616,1.0079189449007209,0.868482442338255,0.248189029417012,0.692080019265337,0.918099354205501,0.964343672509978,0.808030012162415,0.506854069413436,0.0450471384011495,1.01,0.91784128888508,0.633956099833289,0.196551465063862,0.5410614257947742,0.690952483316379
Guizhou,2022,0.7671527379912825,0.9378197836434806,0.9249679817312748,0.7072623664642664,0.01,1.01,1.01,1.01,1.01,0.6409422750424449,0.0441422261922485,0.6936539580666079,0.4935233614637556,0.01,0.01,0.4718670362851065,0.6186309793730241
Guizhou,2021,0.732328613316036,0.936599841148915,0.890238961298399,0.785722431263865,0.01,1.01,0.995028898080941,1.01,1.01,0.640942275042445,0.036887442716758,0.696840320645464,0.495287018344598,0.01,0.01,0.4708596966570185,0.617991720123828
Guizhou,2020,0.712349928322672,0.979488874017556,0.880381595739163,0.864486392988219,0.01,1.01,0.993955091416654,1.01,1.01,0.640942275042445,0.0380599611858395,0.700412406830317,0.466415191459839,0.01,0.01,0.4739196517588649,0.6224327811335136
Guizhou,2019,0.702818117304454,0.90526686445336,1.0083867421985488,0.874734525420504,0.01,1.01,1.0045892211034209,1.01,1.01,0.640942275042445,0.0365554432920559,0.7097018234642,0.483956210138734,0.01,0.01,0.4757137271348348,0.6284634148278482
Guizhou,2018,0.788250135492962,0.90836950075921,1.0092276929321529,0.862089196380886,0.01,1.01,1.009308850794187,1.01,1.01,0.640942275042445,0.0386960370594383,0.718004577485997,0.492174920359108,0.01,0.01,0.4813614278617196,0.635137545753759
Guizhou,2017,0.760346819396892,0.920754455727152,1.009072164725251,1.01,0.01,1.01,1.01,1.01,1.01,0.544808199715851,0.0401493266102311,0.730587924288887,0.464430306030341,0.01,0.01,0.480775914037937,0.6366766130996403
Guizhou,2016,0.764623721851358,0.871369428024291,1.008042845588562,1.01,0.01,1.01,1.01,1.01,1.01,0.544808199715851,0.0417699001791656,0.740098103626828,0.414618705035971,0.01,0.01,0.4771963793416448,0.631022060268135
Guizhou,2015,0.79314793244128,0.884628465855937,1.007598183368631,0.862471633049176,0.01,1.01,1.01,1.01,1.01,0.544808199715851,0.0420313717170579,0.750020915831404,0.372073065604471,0.01,0.01,0.47143557304746,0.6217853178389205
Guizhou,2014,0.942845588085558,0.819881815272692,1.006213751698755,0.852466743233624,0.01,1.01,1.01,1.01,1.01,0.544808199715851,0.0396034295791063,0.747976762427689,0.303455531595112,0.01,0.01,0.471710269227502,0.6218167881072257
Guizhou,2013,0.971652826279756,0.764637970403691,1.004884366797442,0.858756997995697,0.01,1.01,1.01,1.01,1.01,0.544808199715851,0.028750219044615,0.756461159379371,0.239582654897592,0.01,0.01,0.4661535973252664,0.6159689596342677
Yunnan,2022,1.01,0.864607267689613,0.9896550235779304,0.9371779321606032,0.0612473542971593,0.7282247819820865,0.8538155725927303,0.9919120145708956,0.7654785386762619,0.880118845500849,0.0906163465832961,0.9774359443326738,0.6736867195894142,0.2379316660561913,0.0653439881334373,0.5260650629141822,0.6751501330495427
Yunnan,2021,1.01,0.8429439655369511,0.98000294387402,0.982153196370553,0.0419631963690087,0.734911196243034,0.856143180919182,0.993586874851913,0.787580530391459,0.880118845500849,0.077469756882287,0.9744490427585252,0.677394452734135,0.251450628243856,0.0622587533022139,0.5250569072576721,0.6768284375985324
Yunnan,2020,1.01,0.826550703897737,1.01,1.01,0.044733573920993,0.715335935014959,0.856887187140671,0.992714574074381,0.78478116464396,0.880118845500849,0.0779693948113944,0.970681938293879,0.641190833202784,0.265600278386284,0.0615535691263054,0.523801989333645,0.676541199867613
Yunnan,2019,1.01,0.788053032134842,1.009057063981027,0.981893765254526,0.0383863803497193,0.709048594721237,0.861131048688952,0.998904007705453,0.7845527610041491,0.880118845500849,0.0774878654158163,0.97025268550021,0.621598395686764,0.263839814877979,0.0610764787935238,0.5189184799726173,0.6703600493076698
Yunnan,2018,0.8966007046696051,0.702508021411484,1.009686068820731,0.925156603025065,0.0834208379161643,0.707050868235134,0.900761709525748,0.99337305314675,0.769787607171738,0.880118845500849,0.0778828243222262,0.965419703266478,0.563040834057341,0.270943855853542,0.0609134210449885,0.5074196278789698,0.653777663864523
Yunnan,2017,0.919376765997379,0.674613357294834,1.009491697773585,0.8055814915823201,0.0786341017613475,0.653384180211116,0.8961275102251041,0.8963509295929261,0.761925451884208,0.807442662878019,0.0808815601317382,0.962141271016178,0.531256151180736,0.211019372725608,0.0623900210488555,0.4859205131279313,0.6233744350202637
Yunnan,2016,0.905095043367121,0.587863984377298,1.0084250059288709,0.8153291295415,0.0779174401265168,0.678786371827255,0.915310950213603,0.898598997848042,0.771225316412272,0.807442662878019,0.0983350396723829,0.961048405955258,0.491726618705036,0.185890896233946,0.0633272901475033,0.484763975651986,0.6177548768823083
Yunnan,2015,0.912651932918349,0.599271949499909,1.008337923550708,0.835105085571013,0.0738345140921244,0.702147277243927,0.922853022895352,0.895554226393655,0.775846701808214,0.807442662878019,0.0994445309987967,0.958779713993631,0.467849053238608,0.186743137514164,0.064063963889925,0.4870609259451381,0.6206617130990929
Yunnan,2014,1.001118925933705,0.6524724500812941,1.0087695078943228,0.850790992007761,0.0875178621791201,0.715963698318432,0.932581453998903,0.896417108821339,0.7844021389476921,0.807442662878019,0.0987562370571562,0.957948328267477,0.490477684114226,0.220513040023839,0.064054984711165,0.5004195350012004,0.6379484716822968
Yunnan,2013,1.01,0.67556250063085,1.008713005432966,0.840723188756677,0.0914210742740849,0.733628551434481,0.937943341255426,0.899529581490188,0.81124213514163,0.807442662878019,0.1015781726422038,0.958884126230413,0.478334904447682,0.261875970000915,0.0720586025544703,0.5081744872954833,0.6459291878113337
